{"cameraMode":{"drawMode":0,"name":"Shaded","section":"Shading Mode"},"sceneLighting":true,"audioPlay":false,"sceneViewState":{"m_AlwaysRefresh":false,"showFog":true,"showSkybox":true,"showFlares":true,"showImageEffects":true,"showParticleSystems":true,"showVisualEffectGraphs":true,"m_FxEnabled":true},"in2DMode":false,"pivot":{"x":-9.998823165893555,"y":12.586061477661133,"z":80.80660247802735},"rotation":{"x":-0.04494829475879669,"y":-0.04046712815761566,"z":-0.001814402174204588,"w":0.9981819987297058},"size":41.985816955566409,"orthographic":false}